Duration,Protocol_Type,Service,Flag,src_bytes,dst_bytes,Class
173,UDP,http,SYN,219,3316,attack
98,UDP,telnet,SYN,1875,4119,attack
57,ICMP,http,ACK,341,3312,normal
254,TCP,smtp,RST,1314,4450,normal
239,ICMP,smtp,FIN,1279,444,attack
41,ICMP,ftp,FIN,4526,123,attack
242,UDP,telnet,ACK,806,3766,normal
121,ICMP,ftp,SYN,3691,1793,normal
294,ICMP,smtp,SYN,2640,4950,normal
55,UDP,http,SYN,1559,2670,attack
73,UDP,dns,SYN,1320,3624,attack
245,TCP,dns,SYN,4989,4586,normal
73,TCP,smtp,RST,484,1036,normal
203,TCP,telnet,FIN,3215,981,normal
6,ICMP,http,RST,334,3547,normal
21,UDP,smtp,RST,1433,525,normal
53,UDP,dns,RST,4201,4779,normal
286,TCP,dns,ACK,1410,2599,normal
297,UDP,telnet,ACK,1975,3661,normal
131,TCP,telnet,ACK,173,4696,normal
281,TCP,telnet,FIN,717,4535,normal
188,ICMP,ftp,SYN,1201,4445,normal
3,TCP,smtp,SYN,2447,4668,normal
139,ICMP,http,ACK,2344,1104,normal
125,TCP,http,FIN,1725,1689,normal
205,UDP,telnet,SYN,621,3282,attack
293,TCP,http,ACK,2335,1247,normal
137,UDP,ftp,FIN,246,723,normal
263,ICMP,smtp,ACK,3251,303,attack
145,UDP,telnet,ACK,4899,987,normal
169,TCP,dns,FIN,1997,220,attack
62,ICMP,dns,ACK,1409,2243,normal
35,TCP,http,ACK,3355,1526,normal
41,UDP,http,FIN,690,2926,normal
46,UDP,ftp,RST,166,1127,normal
85,ICMP,smtp,RST,3199,3526,normal
216,UDP,dns,FIN,4329,4909,normal
56,TCP,dns,SYN,686,1161,normal
155,TCP,http,RST,1340,1911,normal
155,TCP,ftp,SYN,114,4630,normal
142,TCP,dns,FIN,4610,900,normal
276,UDP,smtp,ACK,4942,1362,normal
269,UDP,telnet,ACK,2689,3115,normal
174,ICMP,ftp,FIN,3429,2348,normal
77,ICMP,http,FIN,3215,4111,normal
171,ICMP,smtp,ACK,3192,1754,normal
14,ICMP,ftp,ACK,1461,4919,normal
7,TCP,http,RST,563,2835,normal
85,UDP,http,ACK,1581,4457,normal
32,TCP,telnet,ACK,634,3621,normal
229,ICMP,smtp,RST,3759,3343,normal
9,TCP,smtp,ACK,2485,2217,normal
40,ICMP,telnet,FIN,2213,2052,normal
87,UDP,http,SYN,4347,4841,attack
89,ICMP,smtp,SYN,3414,749,normal
43,ICMP,http,ACK,331,3093,normal
288,UDP,ftp,SYN,3918,4716,attack
42,ICMP,smtp,SYN,277,3418,normal
136,UDP,http,FIN,1390,2349,normal
71,TCP,smtp,RST,2765,4005,normal
149,UDP,http,SYN,3459,2513,attack
180,TCP,smtp,ACK,376,1184,normal
209,TCP,smtp,FIN,731,1032,normal
293,UDP,smtp,RST,1811,955,normal
274,TCP,telnet,SYN,2257,3349,normal
99,ICMP,telnet,SYN,3929,3267,normal
106,UDP,ftp,RST,3914,4415,normal
37,ICMP,smtp,ACK,2367,4432,normal
294,ICMP,smtp,RST,3984,1519,normal
61,ICMP,telnet,RST,4579,1061,normal
283,ICMP,http,RST,3916,2708,normal
225,ICMP,http,FIN,4207,1439,normal
23,TCP,ftp,RST,4059,2124,normal
289,ICMP,dns,SYN,831,4966,normal
106,ICMP,telnet,RST,3744,3576,normal
96,ICMP,telnet,SYN,911,4244,normal
277,TCP,smtp,SYN,3134,960,normal
33,TCP,telnet,RST,3477,518,normal
81,UDP,ftp,FIN,2841,2261,normal
257,UDP,ftp,ACK,4212,346,attack
35,UDP,http,ACK,722,2211,normal
135,UDP,ftp,FIN,2945,4269,normal
163,UDP,telnet,SYN,2288,432,attack
76,UDP,smtp,FIN,3921,3661,normal
238,ICMP,dns,SYN,2983,1355,normal
212,TCP,ftp,SYN,2096,3866,normal
256,UDP,dns,FIN,3108,2656,normal
299,ICMP,smtp,ACK,231,973,normal
107,TCP,telnet,FIN,2975,2211,normal
102,ICMP,smtp,ACK,3007,4566,normal
175,ICMP,ftp,RST,4574,3507,normal
18,UDP,telnet,SYN,1313,3792,attack
63,ICMP,ftp,ACK,2781,804,normal
161,UDP,dns,RST,1509,3308,normal
43,ICMP,dns,FIN,4936,1485,normal
191,UDP,smtp,RST,3301,1164,normal
270,UDP,http,SYN,4613,3804,attack
56,UDP,http,ACK,1191,2740,normal
245,TCP,http,RST,4390,2623,normal
39,ICMP,smtp,ACK,4892,4245,normal
236,TCP,telnet,ACK,2316,474,attack
292,TCP,smtp,ACK,3351,4733,normal
288,TCP,dns,SYN,4024,4596,normal
189,UDP,http,RST,1306,3083,normal
267,TCP,dns,FIN,4004,1261,normal
264,TCP,ftp,RST,257,3503,normal
47,ICMP,smtp,ACK,1879,3813,normal
101,TCP,ftp,RST,1400,4309,normal
38,UDP,http,FIN,1647,91,attack
122,TCP,telnet,FIN,316,1158,normal
240,UDP,ftp,RST,987,332,normal
107,TCP,smtp,FIN,2808,4609,normal
91,UDP,telnet,SYN,940,2261,attack
287,TCP,dns,SYN,3041,4873,normal
69,ICMP,ftp,ACK,3285,2098,normal
224,UDP,telnet,SYN,921,569,attack
28,TCP,http,RST,665,3910,normal
84,UDP,http,SYN,3745,4138,attack
69,UDP,dns,ACK,365,2959,normal
51,UDP,telnet,RST,3885,1487,normal
243,ICMP,telnet,RST,875,4157,normal
300,UDP,smtp,FIN,2389,160,attack
117,ICMP,telnet,RST,1325,3565,normal
226,ICMP,ftp,FIN,3888,2292,normal
295,ICMP,telnet,ACK,2685,4539,normal
111,ICMP,smtp,FIN,4390,4839,normal
225,ICMP,smtp,ACK,4754,2787,normal
215,TCP,ftp,ACK,3004,3435,normal
31,TCP,dns,RST,663,916,normal
143,UDP,http,FIN,3032,354,attack
194,ICMP,ftp,SYN,2445,3900,normal
158,ICMP,smtp,SYN,4356,2955,normal
77,ICMP,smtp,ACK,2419,2515,normal
211,UDP,ftp,FIN,4352,3852,normal
26,TCP,telnet,SYN,3423,2145,normal
122,TCP,smtp,ACK,921,3245,normal
222,UDP,http,SYN,4318,1085,attack
239,ICMP,telnet,ACK,1726,682,normal
104,TCP,http,RST,2800,3443,normal
100,UDP,dns,SYN,218,4259,attack
208,TCP,http,ACK,128,2984,normal
208,TCP,http,ACK,185,1183,normal
192,TCP,dns,ACK,1385,2167,normal
282,TCP,smtp,ACK,4705,1587,normal
44,ICMP,dns,ACK,3409,2299,normal
201,ICMP,smtp,RST,1187,4380,normal
182,TCP,dns,ACK,2624,1366,normal
57,UDP,smtp,RST,1020,493,attack
62,UDP,telnet,SYN,3547,2606,attack
300,TCP,telnet,SYN,2173,50,attack
126,ICMP,dns,FIN,2716,1548,normal
145,ICMP,ftp,ACK,3292,80,attack
224,UDP,smtp,ACK,4455,3965,normal
101,ICMP,dns,RST,2368,3177,normal
300,TCP,http,ACK,4552,2695,normal
34,TCP,ftp,FIN,668,3975,normal
86,ICMP,smtp,FIN,4037,3302,normal
39,UDP,ftp,FIN,3143,365,attack
174,TCP,telnet,FIN,326,4594,normal
179,UDP,telnet,SYN,735,387,attack
267,ICMP,ftp,FIN,1185,3819,normal
161,TCP,http,RST,299,1348,normal
278,ICMP,dns,SYN,1239,619,normal
105,ICMP,http,RST,2703,1559,normal
75,UDP,http,FIN,3430,496,attack
296,UDP,ftp,RST,3518,3897,normal
117,UDP,http,ACK,2140,1366,normal
156,TCP,dns,FIN,141,345,normal
254,TCP,smtp,FIN,3784,4493,normal
220,TCP,dns,SYN,2491,2093,normal
284,TCP,smtp,SYN,4074,4958,normal
112,TCP,smtp,RST,555,851,normal
32,UDP,telnet,RST,2453,1725,normal
85,ICMP,telnet,RST,1945,147,attack
297,UDP,ftp,SYN,3645,4474,attack
228,TCP,http,SYN,1819,1873,normal
23,ICMP,ftp,RST,4534,1847,normal
87,TCP,ftp,FIN,367,897,normal
68,TCP,telnet,FIN,2072,4649,normal
10,TCP,smtp,ACK,1779,4045,normal
23,TCP,telnet,SYN,3183,4185,normal
9,TCP,dns,FIN,2828,1174,normal
124,ICMP,http,SYN,4990,4717,normal
275,TCP,smtp,ACK,3814,2095,normal
157,TCP,dns,ACK,3623,3386,normal
77,UDP,smtp,RST,1889,3756,normal
285,TCP,http,FIN,2993,2380,normal
16,ICMP,ftp,FIN,2089,1252,normal
174,UDP,dns,ACK,4784,2625,normal
165,ICMP,ftp,RST,4799,1822,normal
35,UDP,smtp,RST,1490,2865,normal
255,ICMP,telnet,FIN,2306,4178,normal
51,TCP,telnet,SYN,4160,3840,normal
267,UDP,smtp,ACK,230,1655,normal
78,ICMP,http,ACK,1912,2269,normal
265,TCP,telnet,ACK,1565,3553,normal
33,UDP,dns,FIN,1560,4247,normal
95,UDP,dns,SYN,2191,1853,attack
228,ICMP,telnet,SYN,4842,4615,normal
28,ICMP,dns,RST,2843,4848,normal
74,TCP,http,ACK,4712,4882,normal
281,TCP,ftp,RST,4322,4690,normal
295,UDP,ftp,SYN,4589,572,attack
49,TCP,telnet,SYN,4317,4875,normal
286,UDP,ftp,SYN,4914,520,attack
166,ICMP,dns,RST,207,4456,normal
266,ICMP,smtp,FIN,4973,2151,normal
287,UDP,dns,ACK,3699,3704,normal
87,UDP,ftp,ACK,356,3746,normal
180,ICMP,telnet,RST,1067,2353,normal
27,UDP,http,ACK,1288,3624,normal
292,TCP,dns,FIN,2999,1765,normal
65,ICMP,ftp,ACK,1866,4651,normal
171,ICMP,dns,SYN,2633,3339,normal
16,TCP,http,FIN,2131,2898,normal
115,UDP,smtp,ACK,3301,1871,normal
81,UDP,http,SYN,1728,4956,attack
109,TCP,telnet,ACK,1317,4522,normal
113,TCP,http,ACK,3440,1112,normal
165,ICMP,ftp,RST,2149,527,normal
98,ICMP,ftp,RST,4902,95,attack
104,TCP,http,FIN,2672,3673,normal
15,UDP,smtp,SYN,802,160,attack
233,TCP,smtp,SYN,4213,3373,normal
94,ICMP,http,SYN,3247,1463,normal
192,UDP,telnet,SYN,3895,89,attack
252,UDP,smtp,SYN,4099,2537,attack
91,ICMP,http,FIN,2325,2628,normal
43,TCP,ftp,FIN,2553,327,attack
33,TCP,ftp,SYN,4364,3621,normal
248,UDP,ftp,SYN,241,3080,attack
264,UDP,smtp,ACK,3399,2513,normal
141,UDP,ftp,RST,272,2026,normal
36,ICMP,ftp,ACK,590,337,normal
200,TCP,smtp,ACK,4005,3595,normal
28,UDP,http,ACK,2713,4043,normal
295,ICMP,http,ACK,3731,514,normal
197,UDP,dns,FIN,3433,1959,normal
255,UDP,smtp,ACK,345,1798,normal
183,ICMP,http,SYN,1773,4045,normal
100,UDP,dns,FIN,3536,1006,normal
17,TCP,smtp,FIN,2287,981,normal
171,UDP,http,RST,4115,3617,normal
5,UDP,http,SYN,1878,3038,attack
253,UDP,smtp,SYN,522,1106,attack
276,ICMP,smtp,SYN,3277,3498,normal
190,ICMP,dns,SYN,3080,1071,normal
64,ICMP,http,FIN,3539,2153,normal
261,ICMP,telnet,SYN,1711,3745,normal
167,ICMP,smtp,RST,1354,4251,normal
46,TCP,telnet,SYN,56,4485,normal
173,UDP,ftp,SYN,1642,2240,attack
267,TCP,ftp,FIN,1474,2486,normal
219,ICMP,smtp,SYN,3534,591,normal
4,UDP,ftp,SYN,4632,4970,attack
8,UDP,dns,SYN,1690,3104,attack
184,UDP,dns,RST,3492,1607,normal
260,UDP,http,FIN,323,4917,normal
35,TCP,ftp,SYN,3793,2769,normal
138,ICMP,http,RST,770,4339,normal
263,TCP,dns,ACK,3012,303,attack
121,UDP,http,ACK,3268,312,attack
239,UDP,telnet,ACK,155,3627,normal
218,UDP,smtp,RST,4195,4496,normal
139,ICMP,dns,ACK,2650,4087,normal
53,TCP,smtp,RST,173,2640,normal
283,ICMP,smtp,ACK,121,4672,normal
8,UDP,smtp,FIN,1064,4421,normal
122,UDP,http,SYN,3420,4230,attack
127,TCP,ftp,RST,1062,3547,normal
144,UDP,smtp,ACK,2749,88,attack
205,ICMP,telnet,SYN,2122,1091,normal
33,ICMP,dns,SYN,3824,2394,normal
257,TCP,ftp,FIN,4122,3610,normal
12,UDP,dns,RST,2185,2189,normal
14,UDP,smtp,RST,2073,653,normal
284,TCP,telnet,SYN,4551,684,normal
145,UDP,smtp,ACK,3433,3229,normal
54,TCP,http,FIN,780,134,normal
229,UDP,http,SYN,281,4700,attack
26,ICMP,smtp,RST,4001,3800,normal
285,TCP,dns,RST,1023,793,normal
177,TCP,telnet,SYN,1004,789,normal
130,UDP,ftp,FIN,2699,3225,normal
128,ICMP,dns,FIN,4617,4722,normal
163,UDP,telnet,ACK,2481,2249,normal
168,UDP,telnet,FIN,650,2486,normal
86,ICMP,ftp,SYN,2181,3246,normal
292,UDP,dns,FIN,3075,3320,normal
154,ICMP,dns,ACK,2842,1335,normal
93,ICMP,smtp,FIN,3782,389,attack
290,TCP,ftp,FIN,4433,2147,normal
248,UDP,ftp,SYN,1160,3514,attack
175,UDP,ftp,FIN,1836,91,attack
11,UDP,dns,RST,4861,3653,normal
290,TCP,dns,ACK,187,1806,normal
7,ICMP,telnet,RST,1369,4193,normal
287,TCP,ftp,FIN,2752,350,attack
255,UDP,smtp,SYN,4043,3618,attack
247,UDP,smtp,RST,2808,3642,normal
258,TCP,http,FIN,4427,1399,normal
104,ICMP,ftp,FIN,3898,3300,normal
15,TCP,telnet,ACK,4069,577,normal
244,UDP,telnet,RST,633,1248,normal
233,TCP,http,SYN,4978,2444,normal
55,ICMP,ftp,SYN,3807,727,normal
153,TCP,smtp,ACK,4941,2992,normal
197,TCP,ftp,ACK,3887,2582,normal
127,UDP,ftp,ACK,3486,2203,normal
191,TCP,smtp,SYN,4580,2012,normal
264,TCP,ftp,SYN,1382,4723,normal
109,TCP,smtp,SYN,3235,1810,normal
86,TCP,http,RST,620,4670,normal
19,UDP,http,ACK,4589,3185,normal
108,ICMP,http,SYN,1433,4961,normal
113,TCP,http,ACK,3364,136,attack
47,UDP,dns,ACK,4141,3116,normal
7,TCP,http,ACK,4578,2438,normal
57,UDP,smtp,FIN,3698,2211,normal
214,UDP,dns,SYN,4592,3560,attack
212,TCP,http,ACK,3341,2650,normal
29,TCP,dns,RST,852,3354,normal
17,UDP,dns,RST,1347,4764,normal
176,UDP,http,FIN,3195,1436,normal
249,ICMP,smtp,ACK,3358,976,normal
3,ICMP,ftp,RST,1770,826,normal
226,ICMP,ftp,RST,2509,4684,normal
174,TCP,smtp,RST,4222,809,normal
67,UDP,dns,SYN,4066,4397,attack
66,UDP,dns,RST,4060,3750,normal
191,TCP,telnet,SYN,1130,179,attack
112,TCP,ftp,FIN,2835,4139,normal
150,UDP,http,SYN,372,146,attack
151,TCP,smtp,ACK,4267,1052,normal
236,ICMP,http,RST,170,1976,normal
227,TCP,dns,FIN,409,3894,normal
235,TCP,ftp,RST,954,3736,normal
137,ICMP,http,SYN,4959,2443,normal
5,ICMP,telnet,SYN,4862,765,normal
126,ICMP,smtp,SYN,2734,121,attack
66,UDP,telnet,RST,3589,2329,normal
112,TCP,http,RST,4802,4450,normal
129,ICMP,ftp,SYN,1600,1291,normal
181,ICMP,http,ACK,1846,2125,normal
127,ICMP,ftp,FIN,67,2168,normal
164,ICMP,smtp,SYN,4789,1195,normal
153,UDP,dns,SYN,4868,909,attack
272,UDP,ftp,FIN,4694,4751,normal
268,TCP,http,RST,3103,4306,normal
228,ICMP,dns,ACK,2925,2356,normal
233,TCP,http,RST,1763,3612,normal
3,UDP,http,FIN,3272,153,attack
220,UDP,dns,SYN,532,3746,attack
266,UDP,telnet,SYN,1269,4077,attack
14,TCP,dns,SYN,552,4383,normal
150,TCP,dns,FIN,2606,1301,normal
288,UDP,ftp,ACK,3003,294,attack
118,ICMP,smtp,SYN,1034,1759,normal
26,ICMP,smtp,RST,1275,4106,normal
25,UDP,ftp,RST,3344,2362,normal
253,ICMP,http,SYN,714,828,normal
80,UDP,http,RST,2172,3418,normal
216,UDP,ftp,ACK,1143,4234,normal
79,TCP,telnet,SYN,2984,4628,normal
246,TCP,http,FIN,1207,2907,normal
51,UDP,smtp,RST,4835,3788,normal
224,TCP,smtp,SYN,2719,3629,normal
151,TCP,ftp,FIN,4823,4376,normal
58,TCP,smtp,SYN,2605,2386,normal
26,UDP,telnet,RST,651,1483,normal
128,TCP,dns,SYN,1336,528,normal
80,ICMP,telnet,SYN,4322,2048,normal
108,UDP,smtp,ACK,3864,2396,normal
265,ICMP,ftp,ACK,4425,4135,normal
56,UDP,telnet,ACK,3271,595,normal
253,TCP,dns,RST,4350,3259,normal
249,UDP,dns,ACK,1438,4588,normal
176,TCP,ftp,ACK,1264,1613,normal
117,TCP,http,FIN,2525,376,attack
267,ICMP,smtp,RST,3904,2789,normal
27,ICMP,telnet,RST,3292,1802,normal
263,UDP,telnet,RST,1438,2172,normal
247,TCP,ftp,RST,222,4907,normal
49,UDP,telnet,SYN,1778,571,attack
18,UDP,http,SYN,4874,2155,attack
67,ICMP,dns,FIN,3290,4097,normal
101,TCP,smtp,SYN,2139,4456,normal
73,ICMP,http,RST,4503,2070,normal
76,TCP,smtp,RST,694,157,normal
141,UDP,dns,RST,2711,206,attack
159,TCP,dns,FIN,3671,4390,normal
176,UDP,telnet,FIN,3284,2772,normal
3,UDP,ftp,SYN,4928,3077,attack
101,UDP,telnet,SYN,903,1089,attack
217,TCP,ftp,SYN,2592,1002,normal
275,ICMP,smtp,RST,3426,3716,normal
175,TCP,smtp,RST,1311,4407,normal
127,UDP,smtp,RST,4987,4459,normal
52,TCP,telnet,FIN,3588,4332,normal
88,UDP,smtp,ACK,2456,1230,normal
101,UDP,smtp,ACK,1119,4703,normal
160,ICMP,http,FIN,1600,3204,normal
293,ICMP,telnet,SYN,4336,3657,normal
163,UDP,dns,SYN,4727,2361,attack
140,UDP,smtp,SYN,1767,1112,attack
108,UDP,ftp,ACK,136,4961,normal
297,TCP,smtp,RST,3176,4344,normal
254,ICMP,dns,SYN,681,2535,normal
250,UDP,smtp,RST,3084,3580,normal
231,ICMP,http,ACK,2370,4930,normal
275,ICMP,http,ACK,237,615,normal
72,UDP,smtp,ACK,1248,495,attack
111,ICMP,telnet,ACK,1795,4021,normal
191,ICMP,telnet,RST,3618,1039,normal
111,ICMP,telnet,RST,4533,2622,normal
97,UDP,http,ACK,1855,3402,normal
15,ICMP,http,FIN,3399,4557,normal
135,ICMP,smtp,SYN,2480,142,attack
196,ICMP,telnet,ACK,2657,1475,normal
132,UDP,ftp,ACK,4662,4640,normal
101,ICMP,dns,ACK,3403,4510,normal
53,ICMP,ftp,SYN,4172,3320,normal
243,TCP,ftp,RST,180,4742,normal
207,UDP,telnet,RST,2625,741,normal
190,ICMP,ftp,SYN,4808,1758,normal
227,ICMP,smtp,RST,868,4987,normal
47,TCP,telnet,FIN,2541,2384,normal
135,UDP,ftp,FIN,2508,3934,normal
282,ICMP,dns,ACK,442,2094,normal
8,TCP,telnet,ACK,1085,2997,normal
248,UDP,telnet,FIN,2308,4714,normal
135,UDP,http,SYN,1544,2094,attack
195,ICMP,telnet,SYN,1028,1497,normal
264,UDP,smtp,FIN,1343,61,attack
137,UDP,http,SYN,2826,2368,attack
271,ICMP,dns,FIN,883,2777,normal
241,ICMP,telnet,RST,4036,378,attack
83,ICMP,http,ACK,4053,134,attack
207,TCP,telnet,ACK,3689,3786,normal
169,ICMP,smtp,FIN,3122,2970,normal
128,UDP,ftp,RST,2030,4877,normal
65,UDP,telnet,ACK,2834,2490,normal
228,TCP,http,SYN,334,1876,normal
50,ICMP,telnet,FIN,1855,2010,normal
216,TCP,dns,SYN,1160,4646,normal
222,ICMP,ftp,ACK,3119,3170,normal
292,TCP,telnet,ACK,2359,879,normal
213,TCP,telnet,ACK,1261,2479,normal
174,ICMP,ftp,FIN,837,3432,normal
169,UDP,dns,SYN,2324,4778,attack
107,TCP,http,SYN,1885,204,attack
16,ICMP,telnet,FIN,1655,2634,normal
293,UDP,dns,ACK,4968,965,normal
139,ICMP,dns,RST,1578,239,attack
18,ICMP,telnet,FIN,3859,2837,normal
289,UDP,telnet,SYN,1683,2839,attack
250,UDP,http,RST,541,3478,normal
55,ICMP,telnet,RST,3337,3287,normal
162,UDP,ftp,ACK,4349,3098,normal
223,UDP,telnet,FIN,433,333,normal
270,TCP,http,FIN,4013,671,normal
209,TCP,http,RST,3924,3853,normal
151,TCP,http,ACK,2922,4884,normal
67,ICMP,http,ACK,1558,252,attack
151,TCP,ftp,RST,742,938,normal
202,ICMP,telnet,ACK,4630,780,normal
201,UDP,http,FIN,1345,189,attack
214,TCP,smtp,FIN,1809,4978,normal
196,ICMP,smtp,RST,2535,4068,normal
247,ICMP,smtp,RST,4916,4724,normal
215,UDP,dns,FIN,3846,4053,normal
292,ICMP,telnet,SYN,3434,4045,normal
184,TCP,telnet,SYN,3673,280,attack
209,UDP,dns,ACK,3947,903,normal
204,UDP,telnet,FIN,2487,330,attack
119,ICMP,http,RST,4753,2298,normal
131,TCP,smtp,SYN,3858,2084,normal
155,TCP,smtp,FIN,477,218,normal
122,TCP,smtp,SYN,3600,3094,normal
31,ICMP,ftp,ACK,4611,3410,normal
178,TCP,smtp,FIN,4705,4756,normal
183,ICMP,smtp,RST,471,980,normal
212,TCP,dns,ACK,686,3370,normal
36,ICMP,dns,FIN,2126,1442,normal
241,TCP,telnet,SYN,3425,4160,normal
262,ICMP,ftp,ACK,4168,3853,normal
63,TCP,dns,SYN,3290,1837,normal
93,UDP,http,RST,3093,1278,normal
136,UDP,dns,SYN,2353,1803,attack
174,TCP,ftp,FIN,4111,3627,normal
6,ICMP,http,ACK,1281,106,attack
97,TCP,telnet,RST,572,1643,normal
245,UDP,http,FIN,1597,511,normal
52,ICMP,smtp,SYN,191,3377,normal
296,ICMP,smtp,SYN,3719,1881,normal
260,TCP,ftp,SYN,4988,1272,normal
166,TCP,http,ACK,4159,4167,normal
254,TCP,dns,ACK,2570,325,attack
32,ICMP,ftp,RST,2603,193,attack
245,TCP,telnet,FIN,4903,2408,normal
115,ICMP,smtp,SYN,1326,2810,normal
52,ICMP,telnet,RST,1371,2742,normal
162,TCP,http,ACK,1199,389,attack
177,UDP,dns,RST,1656,2182,normal
221,ICMP,ftp,SYN,4812,131,attack
53,ICMP,smtp,RST,3372,3002,normal
157,TCP,dns,ACK,1334,3944,normal
61,ICMP,telnet,ACK,961,1464,normal
167,TCP,http,RST,3462,3466,normal
80,TCP,ftp,RST,89,432,normal
21,ICMP,telnet,RST,101,908,normal
197,TCP,telnet,ACK,4568,1137,normal
61,ICMP,http,ACK,526,540,normal
118,TCP,telnet,FIN,4966,4196,normal
105,UDP,ftp,SYN,3259,4943,attack
94,ICMP,dns,ACK,2861,3271,normal
137,ICMP,dns,ACK,3454,2516,normal
178,ICMP,dns,ACK,4179,3233,normal
112,ICMP,smtp,RST,2096,4581,normal
287,UDP,smtp,FIN,2604,4649,normal
98,ICMP,dns,FIN,4474,4009,normal
114,TCP,telnet,ACK,4776,965,normal
32,TCP,telnet,RST,775,2348,normal
101,UDP,ftp,ACK,309,2929,normal
184,TCP,telnet,SYN,3583,271,attack
237,TCP,ftp,ACK,1547,3928,normal
193,TCP,dns,ACK,2102,1228,normal
130,ICMP,smtp,SYN,108,991,normal
214,ICMP,smtp,FIN,309,2989,normal
69,TCP,http,ACK,3894,2285,normal
124,ICMP,ftp,SYN,1104,2365,normal
101,TCP,ftp,ACK,4169,125,attack
180,UDP,ftp,FIN,3284,4877,normal
50,ICMP,telnet,SYN,3827,4580,normal
297,ICMP,telnet,SYN,1728,3713,normal
208,UDP,smtp,FIN,1455,3768,normal
274,UDP,http,SYN,734,1496,attack
18,UDP,dns,FIN,4145,722,normal
250,ICMP,dns,ACK,569,2651,normal
202,TCP,http,ACK,4820,4372,normal
300,TCP,ftp,ACK,858,4819,normal
53,UDP,telnet,SYN,1884,4885,attack
267,ICMP,dns,ACK,1522,1081,normal
158,TCP,dns,FIN,1260,2598,normal
265,ICMP,smtp,FIN,2243,4208,normal
219,UDP,telnet,RST,2577,2005,normal
252,ICMP,dns,FIN,4443,288,attack
26,ICMP,ftp,FIN,1921,1256,normal
57,ICMP,ftp,ACK,1605,4922,normal
112,UDP,telnet,ACK,4293,1364,normal
282,ICMP,smtp,ACK,4908,4175,normal
25,TCP,http,RST,1980,3893,normal
295,UDP,telnet,SYN,1934,3703,attack
161,TCP,dns,SYN,2274,4485,normal
89,UDP,smtp,RST,1588,3310,normal
107,ICMP,dns,ACK,1357,715,normal
60,UDP,http,RST,2654,4119,normal
73,TCP,telnet,RST,4029,4002,normal
123,TCP,ftp,ACK,4082,2677,normal
11,TCP,smtp,ACK,3672,2176,normal
257,TCP,telnet,ACK,3307,4017,normal
272,TCP,http,SYN,2485,1495,normal
237,TCP,telnet,ACK,824,1148,normal
285,TCP,ftp,FIN,129,2334,normal
131,TCP,smtp,ACK,1762,3733,normal
80,ICMP,dns,RST,2635,3190,normal
279,TCP,telnet,SYN,4088,3164,normal
1,TCP,http,RST,87,710,normal
15,ICMP,dns,ACK,4899,1147,normal
38,ICMP,ftp,RST,2833,4833,normal
42,ICMP,http,FIN,509,203,normal
37,TCP,telnet,RST,4142,1062,normal
94,TCP,smtp,ACK,1141,2479,normal
206,ICMP,dns,SYN,1948,2771,normal
126,UDP,smtp,RST,4449,3580,normal
120,TCP,ftp,SYN,260,493,normal
3,TCP,telnet,RST,4221,811,normal
295,ICMP,smtp,SYN,3100,1986,normal
116,UDP,http,FIN,2788,3316,normal
24,UDP,ftp,FIN,4780,3546,normal
16,TCP,telnet,SYN,1574,1132,normal
28,ICMP,ftp,ACK,1556,1009,normal
255,ICMP,http,FIN,2038,316,attack
112,ICMP,dns,RST,4115,4747,normal
108,UDP,ftp,RST,2702,4084,normal
204,UDP,telnet,RST,1534,4404,normal
125,ICMP,smtp,SYN,1006,4973,normal
291,UDP,dns,FIN,2009,142,attack
31,ICMP,ftp,SYN,1594,1526,normal
81,UDP,telnet,RST,4639,3188,normal
14,UDP,telnet,SYN,1596,4029,attack
65,UDP,dns,ACK,816,892,normal
118,UDP,telnet,SYN,3967,1719,attack
271,UDP,smtp,FIN,715,321,normal
154,TCP,telnet,ACK,4874,1969,normal
12,TCP,smtp,SYN,379,1125,normal
259,ICMP,telnet,ACK,1028,1071,normal
29,UDP,telnet,SYN,3189,445,attack
282,TCP,http,FIN,4351,4387,normal
114,TCP,telnet,FIN,2521,2227,normal
88,UDP,dns,RST,3612,1638,normal
297,TCP,ftp,ACK,831,339,normal
273,ICMP,dns,FIN,2542,2711,normal
149,TCP,smtp,ACK,2678,2992,normal
3,UDP,dns,RST,3519,4860,normal
16,UDP,ftp,FIN,1778,2156,normal
65,ICMP,http,ACK,224,1045,normal
295,UDP,telnet,RST,1184,3592,normal
200,UDP,dns,SYN,3969,2939,attack
81,TCP,telnet,SYN,4727,59,attack
98,ICMP,http,ACK,3711,4907,normal
201,ICMP,smtp,RST,891,4818,normal
281,TCP,ftp,FIN,2927,4938,normal
3,UDP,ftp,SYN,241,1066,attack
68,TCP,dns,RST,245,4826,normal
190,TCP,http,ACK,3650,3671,normal
45,ICMP,telnet,ACK,3396,1025,normal
212,TCP,ftp,ACK,3333,3799,normal
255,TCP,dns,SYN,1737,4737,normal
174,TCP,dns,ACK,1130,1880,normal
155,TCP,ftp,ACK,4632,2924,normal
110,ICMP,http,ACK,937,572,normal
276,UDP,smtp,ACK,4682,3495,normal
197,UDP,http,FIN,3212,2128,normal
142,UDP,http,FIN,4059,4122,normal
247,ICMP,http,FIN,1584,1587,normal
290,UDP,http,SYN,4910,4191,attack
91,ICMP,ftp,ACK,2937,4257,normal
261,ICMP,ftp,FIN,1889,1255,normal
240,TCP,dns,ACK,4523,2072,normal
170,UDP,ftp,ACK,4100,164,attack
294,UDP,http,RST,203,3378,normal
90,TCP,telnet,FIN,650,4253,normal
152,UDP,ftp,FIN,2062,4089,normal
17,UDP,telnet,FIN,3089,2185,normal
270,UDP,dns,SYN,4853,2471,attack
62,ICMP,telnet,FIN,3466,505,normal
37,UDP,telnet,FIN,832,4825,normal
213,TCP,dns,FIN,62,4709,normal
105,TCP,http,RST,1105,3504,normal
190,UDP,http,ACK,2637,929,normal
231,TCP,dns,ACK,4615,3168,normal
68,UDP,http,ACK,903,2408,normal
263,ICMP,http,ACK,2075,1697,normal
47,UDP,ftp,ACK,4782,3248,normal
109,ICMP,smtp,ACK,674,4982,normal
141,ICMP,smtp,ACK,1974,146,attack
169,ICMP,telnet,ACK,1947,1595,normal
214,UDP,ftp,FIN,3211,3517,normal
67,ICMP,ftp,ACK,2575,3440,normal
31,ICMP,telnet,RST,1077,3151,normal
164,TCP,ftp,ACK,3378,2042,normal
272,UDP,ftp,SYN,4885,2268,attack
181,UDP,dns,RST,293,1493,normal
199,ICMP,telnet,ACK,814,4408,normal
148,TCP,http,RST,1430,1019,normal
61,ICMP,ftp,RST,1839,1573,normal
196,ICMP,ftp,RST,2306,4506,normal
205,ICMP,ftp,RST,4951,2562,normal
59,ICMP,smtp,ACK,1768,2914,normal
131,UDP,dns,FIN,4628,2527,normal
107,UDP,telnet,ACK,4194,1521,normal
139,TCP,telnet,SYN,673,3855,normal
265,UDP,ftp,FIN,248,3944,normal
13,ICMP,dns,RST,1401,3210,normal
27,ICMP,ftp,FIN,810,2928,normal
117,ICMP,telnet,SYN,1786,2819,normal
3,ICMP,ftp,RST,2998,332,attack
62,UDP,dns,RST,1328,126,attack
54,TCP,http,ACK,2512,1838,normal
60,UDP,telnet,FIN,4882,895,normal
220,UDP,dns,RST,4530,112,attack
296,UDP,http,FIN,3596,547,normal
13,TCP,http,ACK,717,2478,normal
259,UDP,http,SYN,4543,3808,attack
292,UDP,dns,SYN,3197,2308,attack
211,TCP,http,RST,874,1320,normal
200,TCP,telnet,FIN,668,4347,normal
155,UDP,smtp,FIN,1146,525,normal
241,TCP,smtp,FIN,2497,2160,normal
87,ICMP,telnet,RST,2881,4771,normal
156,TCP,http,ACK,2902,4325,normal
15,UDP,telnet,RST,4750,3366,normal
171,ICMP,dns,ACK,2287,108,attack
286,ICMP,ftp,SYN,3382,2478,normal
83,TCP,ftp,ACK,1528,208,attack
162,ICMP,http,FIN,1890,3947,normal
78,ICMP,ftp,FIN,4611,4305,normal
168,UDP,telnet,SYN,1198,2447,attack
29,TCP,http,RST,1764,3947,normal
106,TCP,http,ACK,4399,4508,normal
233,ICMP,http,FIN,4056,4876,normal
150,TCP,http,FIN,3403,2283,normal
136,TCP,telnet,RST,151,4997,normal
118,ICMP,ftp,SYN,4076,2991,normal
77,UDP,smtp,SYN,1971,4963,attack
17,TCP,dns,RST,659,3684,normal
150,TCP,smtp,ACK,207,3746,normal
196,TCP,ftp,SYN,1689,382,attack
52,ICMP,telnet,RST,1127,3187,normal
59,TCP,dns,SYN,3284,608,normal
177,UDP,http,SYN,3848,1056,attack
278,ICMP,http,FIN,2276,1497,normal
263,ICMP,telnet,ACK,2388,1666,normal
161,TCP,http,SYN,2297,4397,normal
70,TCP,smtp,SYN,3078,1994,normal
170,TCP,dns,FIN,3974,797,normal
125,UDP,telnet,SYN,549,1172,attack
254,TCP,telnet,FIN,1860,252,attack
107,UDP,ftp,FIN,558,3595,normal
125,UDP,http,FIN,1265,4673,normal
275,TCP,http,SYN,3683,2182,normal
222,UDP,telnet,ACK,4747,4604,normal
154,ICMP,dns,FIN,641,2791,normal
105,TCP,ftp,ACK,4415,3822,normal
36,UDP,ftp,FIN,2982,1882,normal
133,UDP,telnet,SYN,2783,1519,attack
49,TCP,dns,SYN,4178,2143,normal
6,TCP,ftp,RST,999,2259,normal
240,ICMP,http,ACK,4563,687,normal
58,TCP,telnet,SYN,2870,4553,normal
229,UDP,dns,FIN,4668,2831,normal
210,ICMP,smtp,ACK,4514,3555,normal
281,TCP,telnet,FIN,1185,4107,normal
13,TCP,ftp,RST,2210,226,attack
158,ICMP,dns,ACK,4439,4032,normal
161,TCP,http,RST,1863,1830,normal
223,TCP,dns,FIN,837,2660,normal
154,TCP,telnet,FIN,4822,2821,normal
238,UDP,smtp,FIN,4097,1303,normal
289,UDP,smtp,FIN,2577,661,normal
61,UDP,dns,ACK,2825,3250,normal
244,TCP,telnet,SYN,2096,143,attack
229,UDP,ftp,SYN,315,831,attack
59,ICMP,http,ACK,4138,3922,normal
285,ICMP,http,SYN,2780,5000,normal
183,ICMP,http,ACK,278,1782,normal
233,ICMP,telnet,SYN,3138,4923,normal
59,ICMP,ftp,FIN,1973,4184,normal
27,UDP,telnet,FIN,261,4859,normal
117,TCP,dns,ACK,2123,3338,normal
87,UDP,ftp,RST,3141,1363,normal
276,TCP,http,ACK,426,1660,normal
258,TCP,telnet,FIN,2195,4884,normal
82,UDP,http,ACK,1075,2511,normal
92,UDP,dns,SYN,4417,1830,attack
19,TCP,smtp,RST,3812,1703,normal
230,ICMP,telnet,SYN,3346,1470,normal
128,TCP,ftp,FIN,4807,3754,normal
29,UDP,ftp,ACK,1577,3425,normal
194,TCP,ftp,FIN,4312,4654,normal
176,UDP,ftp,ACK,3862,4331,normal
222,TCP,smtp,SYN,2530,1160,normal
254,ICMP,http,FIN,1132,3877,normal
220,TCP,http,ACK,4349,2004,normal
200,TCP,telnet,RST,3300,973,normal
238,UDP,ftp,RST,2808,3323,normal
126,TCP,dns,SYN,2547,358,attack
247,UDP,smtp,RST,1823,685,normal
99,TCP,dns,ACK,2955,840,normal
188,UDP,ftp,ACK,3045,244,attack
175,UDP,telnet,RST,1627,2100,normal
114,TCP,http,ACK,3901,730,normal
151,TCP,ftp,FIN,2936,311,attack
236,ICMP,telnet,RST,3307,4811,normal
247,TCP,http,RST,2593,3791,normal
17,TCP,smtp,SYN,2963,2356,normal
62,ICMP,smtp,FIN,3551,4319,normal
171,ICMP,dns,ACK,1958,3627,normal
51,UDP,telnet,FIN,1579,263,attack
81,TCP,ftp,RST,2303,2625,normal
280,UDP,smtp,FIN,2120,2043,normal
105,TCP,dns,FIN,1373,4401,normal
265,UDP,smtp,RST,4920,2130,normal
147,TCP,http,FIN,4571,918,normal
66,TCP,dns,RST,167,371,normal
97,UDP,dns,FIN,1734,887,normal
36,TCP,telnet,FIN,347,2587,normal
50,ICMP,telnet,ACK,2520,898,normal
273,UDP,telnet,FIN,3770,4849,normal
81,UDP,smtp,RST,4730,1201,normal
237,ICMP,http,SYN,3964,2130,normal
71,TCP,telnet,SYN,485,3155,normal
282,TCP,dns,RST,395,866,normal
127,UDP,http,ACK,405,2017,normal
47,ICMP,smtp,RST,566,2403,normal
59,UDP,telnet,SYN,233,3285,attack
172,ICMP,smtp,ACK,1922,1737,normal
107,ICMP,smtp,SYN,731,2575,normal
252,ICMP,telnet,FIN,3088,4816,normal
110,UDP,dns,FIN,3236,4741,normal
242,UDP,smtp,RST,150,3454,normal
287,UDP,dns,SYN,4930,3644,attack
263,TCP,dns,RST,3974,1223,normal
202,TCP,smtp,ACK,2883,1407,normal
129,ICMP,telnet,SYN,1546,4387,normal
90,TCP,http,FIN,3264,3854,normal
224,ICMP,dns,SYN,2557,4321,normal
262,ICMP,dns,RST,637,3940,normal
135,UDP,smtp,SYN,985,3100,attack
119,TCP,telnet,RST,401,281,normal
167,ICMP,ftp,RST,3846,4117,normal
108,UDP,ftp,FIN,1869,660,normal
216,TCP,smtp,FIN,2545,3503,normal
31,TCP,dns,RST,2200,4788,normal
223,TCP,telnet,SYN,2010,4181,normal
40,TCP,telnet,SYN,4325,790,normal
153,ICMP,telnet,RST,2182,2270,normal
193,TCP,ftp,SYN,384,144,normal
73,TCP,smtp,ACK,2975,4051,normal
231,TCP,dns,ACK,2412,314,attack
92,UDP,telnet,SYN,317,3849,attack
42,ICMP,ftp,SYN,4405,702,normal
48,TCP,dns,ACK,1800,3429,normal
268,ICMP,http,FIN,4794,1613,normal
289,TCP,dns,RST,1930,4383,normal
67,UDP,http,RST,705,190,normal
239,ICMP,dns,FIN,2094,72,attack
64,ICMP,smtp,RST,294,1717,normal
32,UDP,telnet,ACK,492,4016,normal
228,TCP,smtp,SYN,3953,873,normal
157,TCP,dns,SYN,1076,4466,normal
58,UDP,smtp,RST,2733,4030,normal
296,UDP,smtp,ACK,1286,382,attack
38,UDP,telnet,RST,4450,2510,normal
148,UDP,ftp,ACK,3149,1850,normal
155,TCP,smtp,FIN,2145,2578,normal
97,TCP,smtp,FIN,4540,1370,normal
76,ICMP,smtp,SYN,3786,4969,normal
78,ICMP,telnet,ACK,3100,3731,normal
63,ICMP,telnet,ACK,2330,3051,normal
234,UDP,telnet,SYN,1376,3285,attack
134,ICMP,telnet,ACK,1140,2213,normal
84,ICMP,smtp,RST,2508,3847,normal
300,TCP,ftp,RST,314,2997,normal
233,UDP,http,ACK,3255,3291,normal
190,ICMP,smtp,ACK,2133,1192,normal
197,UDP,smtp,ACK,857,490,normal
234,ICMP,http,ACK,3860,3200,normal
204,UDP,ftp,SYN,1408,2921,attack
130,TCP,dns,SYN,4798,1485,normal
248,UDP,dns,FIN,2589,1632,normal
62,TCP,http,ACK,4034,1341,normal
22,UDP,ftp,ACK,4057,1738,normal
89,UDP,http,RST,3057,3066,normal
224,ICMP,ftp,SYN,2042,1186,normal
101,TCP,dns,RST,3232,2916,normal
147,UDP,smtp,FIN,3386,4221,normal
236,TCP,dns,SYN,1387,2930,normal
157,TCP,dns,SYN,3709,1926,normal
292,TCP,http,SYN,80,2362,normal
150,UDP,http,FIN,261,79,normal
245,ICMP,smtp,RST,2486,2504,normal
293,UDP,telnet,SYN,2383,4345,attack
17,UDP,http,ACK,2978,2555,normal
172,TCP,dns,FIN,4177,3684,normal
260,UDP,telnet,FIN,4599,1063,normal
76,UDP,smtp,RST,1755,4500,normal
118,TCP,http,ACK,3906,1544,normal
45,UDP,http,RST,2067,1184,normal
270,ICMP,dns,ACK,4984,2795,normal
256,UDP,smtp,SYN,4011,4181,attack
9,UDP,dns,ACK,380,2865,normal
219,UDP,http,RST,2567,2902,normal
189,UDP,dns,ACK,906,2471,normal
23,TCP,dns,RST,2178,1080,normal
117,UDP,smtp,FIN,2731,1241,normal
150,ICMP,http,FIN,700,4550,normal
238,UDP,ftp,ACK,2659,4158,normal
3,ICMP,smtp,FIN,747,3110,normal
282,TCP,http,RST,234,1763,normal
135,TCP,smtp,SYN,2823,2318,normal
51,ICMP,ftp,SYN,1745,4278,normal
140,UDP,ftp,SYN,3861,1609,attack
106,UDP,dns,FIN,889,1538,normal
146,TCP,smtp,ACK,4686,1452,normal
100,TCP,ftp,ACK,82,764,normal
141,ICMP,telnet,FIN,110,2301,normal
31,TCP,http,SYN,4965,4697,normal
148,TCP,ftp,RST,655,4086,normal
95,ICMP,dns,SYN,2727,3672,normal
266,ICMP,ftp,FIN,2318,382,attack
129,UDP,smtp,SYN,1261,2500,attack
254,UDP,telnet,SYN,491,3632,attack
29,UDP,telnet,ACK,3912,4144,normal
128,TCP,dns,ACK,213,1819,normal
293,UDP,http,SYN,1786,2483,attack
189,UDP,http,RST,1478,4611,normal
84,UDP,http,RST,2118,4114,normal
215,UDP,http,RST,4335,274,attack
260,TCP,telnet,RST,3868,1576,normal
138,UDP,smtp,ACK,1270,4579,normal
200,TCP,ftp,SYN,2454,2756,normal
45,ICMP,smtp,FIN,1102,1260,normal
238,TCP,http,ACK,2003,3621,normal
27,UDP,smtp,RST,2770,2494,normal
132,UDP,dns,RST,4394,3877,normal
260,TCP,smtp,ACK,3320,1422,normal
111,TCP,ftp,SYN,1876,3801,normal
180,TCP,dns,ACK,247,1822,normal
119,UDP,smtp,RST,440,338,normal
42,ICMP,telnet,SYN,1218,2587,normal
256,ICMP,dns,ACK,4350,4373,normal
194,TCP,smtp,SYN,4517,1842,normal
2,UDP,ftp,RST,3907,4211,normal
202,ICMP,telnet,RST,3803,2974,normal
60,ICMP,ftp,SYN,4595,3013,normal
60,TCP,http,RST,4416,2619,normal
297,UDP,dns,FIN,1719,3399,normal
245,TCP,smtp,ACK,4020,4419,normal
120,UDP,dns,RST,3039,961,normal
80,ICMP,smtp,RST,2605,1611,normal
173,TCP,ftp,FIN,2018,2780,normal
155,TCP,smtp,FIN,1044,1666,normal
93,UDP,dns,FIN,820,3152,normal
242,UDP,ftp,FIN,604,1928,normal
259,UDP,dns,FIN,2929,2352,normal
105,TCP,dns,ACK,4955,3845,normal
1,TCP,ftp,SYN,888,2418,normal
20,UDP,telnet,ACK,2448,4603,normal
216,UDP,http,RST,106,2394,normal
35,ICMP,ftp,FIN,849,3816,normal
149,UDP,smtp,ACK,315,2462,normal
65,TCP,smtp,FIN,840,3316,normal
121,UDP,http,FIN,4480,506,normal
60,UDP,ftp,FIN,1617,1113,normal
196,ICMP,dns,RST,2747,1874,normal
87,TCP,smtp,FIN,3658,136,attack
91,TCP,smtp,FIN,365,4859,normal
279,ICMP,ftp,SYN,2351,3088,normal
50,ICMP,telnet,RST,4436,3558,normal
123,TCP,ftp,SYN,3986,3754,normal
259,TCP,smtp,FIN,949,2680,normal
69,UDP,smtp,FIN,4769,4018,normal
107,TCP,smtp,SYN,4325,1284,normal
45,UDP,smtp,SYN,2327,4899,attack
156,TCP,ftp,SYN,68,3457,normal
211,UDP,dns,FIN,1611,1746,normal
286,ICMP,telnet,SYN,3348,1528,normal
46,ICMP,telnet,SYN,4914,3132,normal
178,UDP,ftp,ACK,3840,861,normal
179,UDP,dns,FIN,325,4789,normal
216,UDP,telnet,SYN,1602,1223,attack
10,TCP,telnet,FIN,2649,2234,normal
116,UDP,http,FIN,2458,4162,normal
195,ICMP,ftp,FIN,2715,2381,normal
256,TCP,dns,SYN,4088,2718,normal
49,TCP,http,ACK,1111,475,attack
275,ICMP,telnet,FIN,4184,2467,normal
146,ICMP,telnet,FIN,462,1084,normal
35,ICMP,smtp,FIN,1867,2792,normal
215,UDP,ftp,FIN,921,4424,normal
22,UDP,dns,RST,313,153,normal
234,TCP,telnet,ACK,2012,92,attack
151,TCP,telnet,FIN,3077,2361,normal
115,UDP,http,RST,3147,4740,normal
38,ICMP,smtp,ACK,652,823,normal
32,UDP,ftp,SYN,177,300,attack
250,ICMP,dns,RST,2120,987,normal
230,ICMP,http,ACK,54,1619,normal
30,ICMP,telnet,RST,4590,3404,normal
140,UDP,http,SYN,3895,3386,attack
219,UDP,ftp,RST,4279,341,attack
95,ICMP,smtp,SYN,3343,4697,normal
253,UDP,dns,FIN,2065,1882,normal
117,ICMP,ftp,SYN,2039,885,normal
84,ICMP,smtp,RST,3827,2457,normal
94,UDP,dns,FIN,583,3409,normal
133,TCP,ftp,RST,2633,1034,normal
141,ICMP,telnet,RST,2329,4580,normal
19,UDP,smtp,ACK,835,2952,normal
269,ICMP,ftp,RST,1012,100,attack
131,TCP,telnet,FIN,736,3769,normal
101,ICMP,dns,SYN,212,4554,normal
105,TCP,http,RST,4815,2359,normal
162,ICMP,ftp,FIN,1853,4141,normal
233,UDP,ftp,RST,1367,3387,normal
87,TCP,http,SYN,3097,234,attack
140,UDP,dns,ACK,3034,2596,normal
47,ICMP,telnet,RST,3183,4550,normal
20,ICMP,telnet,RST,1843,1277,normal
146,ICMP,ftp,ACK,690,3273,normal
11,TCP,telnet,RST,4189,1017,normal
133,TCP,dns,ACK,3942,4797,normal
151,UDP,smtp,RST,4547,2838,normal
54,TCP,ftp,ACK,2807,4439,normal
26,UDP,ftp,SYN,2156,4216,attack
273,ICMP,dns,RST,3660,1883,normal
203,ICMP,dns,RST,2215,2313,normal
188,UDP,telnet,RST,4011,3207,normal
189,UDP,dns,ACK,1858,2337,normal
89,ICMP,telnet,ACK,4807,2851,normal
188,ICMP,telnet,RST,297,3984,normal
34,ICMP,ftp,SYN,4659,4928,normal
118,UDP,telnet,SYN,1529,1439,attack
195,ICMP,telnet,ACK,1410,1171,normal
232,TCP,http,FIN,1757,1405,normal
143,TCP,dns,ACK,4445,4783,normal
87,TCP,smtp,RST,4135,3125,normal
260,TCP,telnet,FIN,2759,4757,normal
